{"learning_rate": 0.001, "hidden_layer_size": 512, "train_rmse": 0.34577080607414246, "test_rmse": 0.7463198304176331, "train_mae": 0.2222764492034912, "test_mae": 0.48182356357574463, "train_r2": 0.9100975220016739, "test_r2": 0.8244828447237383}